ACST-CA,Therapeutic R&D
ASP-CA,Commercial Therapeutics
ADVZ-CA,Commercial Therapeutics
AQS-CA,Commercial Therapeutics
AEZS-CA,Commercial Therapeutics
AKU-CA,Healthcare Services
ATE-CA,Therapeutic R&D
APLI-TSX,Therapeutic R&D
XRAY-TSX,Medical Devices
APS-CA,Therapeutic R&D
ABUS-US,Therapeutic R&D
ARCH-CA,Therapeutic R&D
IOM-TSX,Medical Devices
AUP-CA,Therapeutic R&D
ASG-CA,Medical Devices
VIV-TSX,Veterinary
BHC-US,Commercial Therapeutics
BLU-CA,Therapeutic R&D
BTI-CA,Therapeutic R&D
BNKL-US,Medical Devices
RX-CA,Commercial Therapeutics
BCT-CA,Therapeutic R&D
CRDL-CA,Therapeutic R&D
CZO-CA,Consumer Health
CHH-CA,Healthcare Services
CHH-TSE,Healthcare Services
CPH-CA,Commercial Therapeutics
CORV-CA,Commercial Therapeutics
COV-CA,Medical Supplies
CTX-CA,Consumer Health
CRH-CA,Healthcare Services
CTTH-US,Therapeutic R&D
GSD-CA,Commercial Therapeutics
ETBI-US,Consumer Health
EBM-CA,Consumer Health
EPI-CA,Therapeutic R&D
FRX-CA,Therapeutic R&D
GTMS-CA,Healthcare Services
HTL-CA,Medical Supplies
HSDT-US,Medical Devices
HBP-CA,Therapeutic R&D
HLS-CA,Commercial Therapeutics
ICO-CA,Therapeutic R&D
IDL-CA,Medical Devices
IPA-CA,Medical Supplies
IMV-CA,Therapeutic R&D
IN-CA,Therapeutic R&D
IGXT-US,Therapeutic R&D
JWEL-CA,Consumer Health
KLY-CA,Therapeutic R&D
KNE-CA,Therapeutic R&D
GUD-CA,Commercial Therapeutics
LXG-TSX,Medical Devices
LMNL-CA,Therapeutic R&D
MDP-CA,Commercial Therapeutics
DR-CA,Healthcare Services
MDNA-CA,Therapeutic R&D
MPH-CA,Commercial Therapeutics
MIR-CA,Healthcare Services
MDX-CA,Medical Devices
MIST-US,Therapeutic R&D
MIMI-CA,Consumer Health
NSCI-TSX,Medical Devices
NSHS-CA,Therapeutic R&D
NVCN-CA,Medical Devices
NGEN-CA,Therapeutic R&D
NLH-TSX,Healthcare Services
NVLNF-US,Commercial Therapeutics
NVH-TSX,Therapeutic R&D
NRI-CA,Commercial Therapeutics
ONCY-USA,Therapeutic R&D
OPS-CA,Medical Devices
PRN-CA,Medical Devices
PMN-CA,Therapeutic R&D
PTQ-CA,Healthcare Services
QPT-CA,Therapeutic R&D
RVX-CA,Therapeutic R&D
SVA-CA,Medical Devices
SBM-CA,Therapeutic R&D
EDT-CA,Therapeutic R&D
SQD-CA,Medical Devices
TBP-CA,Therapeutic R&D
TLT-CA,Medical Devices
TH-CA,Commercial Therapeutics
TMD-CA,Medical Devices
TRIL-TSE,Therapeutic R&D
VBIV-US,Therapeutic R&D
VMD-CA,Healthcare Services
XENE-US,Therapeutic R&D
ZOM-TSX,Veterinary
ZYME-US,Therapeutic R&D
